Dataset	RNA_sample	Correction.factor.med	Correction.factor.sd	percent_error	Lysate_sample	Fraction	Time	Temperature	Biorep	Strain	Treatment_group	Treatment_group_ID	Treatment	Treated	Experiment	Sequencing_date	Sample_search	FastQ_folder	UMI	gtf_file	star_index_folder	kallisto_index	sbatch_template	snakefile	kallisto_direction	R1	R2	R3	R1_path	R2_path	R3_path	sequencing_group	spike_group	Kallisto_file
snake_220725	JB102	0.20498601375504635	0.028365385961766357	0.138377177262749	L51	Total	10min	30C	BR1	BY4741	PolySeq_10min	tg_15	none	FALSE	PolySeq	220725	JB102	220725_A00639_1256_AHGV3NDRX2-AD-JB-1S-0714	TRUE	Scerevisiae_Spombe/saccharomyces_cerevisiae_R64-3-1_20210421_Schizosaccharomyces_pombe_all_chromosomes_relabelled_geneid.gff3	Scerevisiae_Spombe/STAR_saccharomyces_cerevisiae_R64-3-1_20210421_Schizosaccharomyces_pombe_all_chromosomes_relabelled	Scerevisiae_Spombe/Scerevisiae_orf_coding_all_Scerevisiae_rna_coding_Spombe_cds.fasta.idx	sbatch_star_kallisto_paired_umi.template	Snakefile_map_STAR_kallisto_umi.smk	--rf-stranded	AD-JB-JB102_S34_R1_001.fastq.gz	AD-JB-JB102_S34_R2_001.fastq.gz	AD-JB-JB102_S34_R3_001.fastq.gz	220725_A00639_1256_AHGV3NDRX2-AD-JB-1S-0714/FastQ/AD-JB-JB102_S34_R1_001.fastq.gz	220725_A00639_1256_AHGV3NDRX2-AD-JB-1S-0714/FastQ/AD-JB-JB102_S34_R2_001.fastq.gz	220725_A00639_1256_AHGV3NDRX2-AD-JB-1S-0714/FastQ/AD-JB-JB102_S34_R3_001.fastq.gz	B	pombe	/Users/jbard/Dropbox (Drummond Lab)/code_JB/repos/RNA_Condensation_2024/data_raw/kallisto_quant/tsv/JB102~abundance.tsv
snake_220725	JB103	0.2799423911068266	0.030271292565476324	0.10813400730697029	L52	Total	10min	42C	BR1	BY4741	PolySeq_10min	tg_15	none	FALSE	PolySeq	220725	JB103	220725_A00639_1256_AHGV3NDRX2-AD-JB-1S-0714	TRUE	Scerevisiae_Spombe/saccharomyces_cerevisiae_R64-3-1_20210421_Schizosaccharomyces_pombe_all_chromosomes_relabelled_geneid.gff3	Scerevisiae_Spombe/STAR_saccharomyces_cerevisiae_R64-3-1_20210421_Schizosaccharomyces_pombe_all_chromosomes_relabelled	Scerevisiae_Spombe/Scerevisiae_orf_coding_all_Scerevisiae_rna_coding_Spombe_cds.fasta.idx	sbatch_star_kallisto_paired_umi.template	Snakefile_map_STAR_kallisto_umi.smk	--rf-stranded	AD-JB-JB103_S35_R1_001.fastq.gz	AD-JB-JB103_S35_R2_001.fastq.gz	AD-JB-JB103_S35_R3_001.fastq.gz	220725_A00639_1256_AHGV3NDRX2-AD-JB-1S-0714/FastQ/AD-JB-JB103_S35_R1_001.fastq.gz	220725_A00639_1256_AHGV3NDRX2-AD-JB-1S-0714/FastQ/AD-JB-JB103_S35_R2_001.fastq.gz	220725_A00639_1256_AHGV3NDRX2-AD-JB-1S-0714/FastQ/AD-JB-JB103_S35_R3_001.fastq.gz	B	pombe	/Users/jbard/Dropbox (Drummond Lab)/code_JB/repos/RNA_Condensation_2024/data_raw/kallisto_quant/tsv/JB103~abundance.tsv
snake_220725	JB104	0.1928580519766341	0.02152849208784599	0.11162869202087707	L53	Total	10min	46C	BR1	BY4741	PolySeq_10min	tg_15	none	FALSE	PolySeq	220725	JB104	220725_A00639_1256_AHGV3NDRX2-AD-JB-1S-0714	TRUE	Scerevisiae_Spombe/saccharomyces_cerevisiae_R64-3-1_20210421_Schizosaccharomyces_pombe_all_chromosomes_relabelled_geneid.gff3	Scerevisiae_Spombe/STAR_saccharomyces_cerevisiae_R64-3-1_20210421_Schizosaccharomyces_pombe_all_chromosomes_relabelled	Scerevisiae_Spombe/Scerevisiae_orf_coding_all_Scerevisiae_rna_coding_Spombe_cds.fasta.idx	sbatch_star_kallisto_paired_umi.template	Snakefile_map_STAR_kallisto_umi.smk	--rf-stranded	AD-JB-JB104_S36_R1_001.fastq.gz	AD-JB-JB104_S36_R2_001.fastq.gz	AD-JB-JB104_S36_R3_001.fastq.gz	220725_A00639_1256_AHGV3NDRX2-AD-JB-1S-0714/FastQ/AD-JB-JB104_S36_R1_001.fastq.gz	220725_A00639_1256_AHGV3NDRX2-AD-JB-1S-0714/FastQ/AD-JB-JB104_S36_R2_001.fastq.gz	220725_A00639_1256_AHGV3NDRX2-AD-JB-1S-0714/FastQ/AD-JB-JB104_S36_R3_001.fastq.gz	B	pombe	/Users/jbard/Dropbox (Drummond Lab)/code_JB/repos/RNA_Condensation_2024/data_raw/kallisto_quant/tsv/JB104~abundance.tsv
snake_220725	JB105	0.14592561277403643	0.01594845370351779	0.1092916685449437	L54	Total	10min	30C	BR2	BY4741	PolySeq_10min	tg_15	none	FALSE	PolySeq	220725	JB105	220725_A00639_1256_AHGV3NDRX2-AD-JB-1S-0714	TRUE	Scerevisiae_Spombe/saccharomyces_cerevisiae_R64-3-1_20210421_Schizosaccharomyces_pombe_all_chromosomes_relabelled_geneid.gff3	Scerevisiae_Spombe/STAR_saccharomyces_cerevisiae_R64-3-1_20210421_Schizosaccharomyces_pombe_all_chromosomes_relabelled	Scerevisiae_Spombe/Scerevisiae_orf_coding_all_Scerevisiae_rna_coding_Spombe_cds.fasta.idx	sbatch_star_kallisto_paired_umi.template	Snakefile_map_STAR_kallisto_umi.smk	--rf-stranded	AD-JB-JB105_S37_R1_001.fastq.gz	AD-JB-JB105_S37_R2_001.fastq.gz	AD-JB-JB105_S37_R3_001.fastq.gz	220725_A00639_1256_AHGV3NDRX2-AD-JB-1S-0714/FastQ/AD-JB-JB105_S37_R1_001.fastq.gz	220725_A00639_1256_AHGV3NDRX2-AD-JB-1S-0714/FastQ/AD-JB-JB105_S37_R2_001.fastq.gz	220725_A00639_1256_AHGV3NDRX2-AD-JB-1S-0714/FastQ/AD-JB-JB105_S37_R3_001.fastq.gz	B	pombe	/Users/jbard/Dropbox (Drummond Lab)/code_JB/repos/RNA_Condensation_2024/data_raw/kallisto_quant/tsv/JB105~abundance.tsv
snake_220725	JB106	0.1966550550632948	0.01885345071171167	0.0958706640195115	L55	Total	10min	42C	BR2	BY4741	PolySeq_10min	tg_15	none	FALSE	PolySeq	220725	JB106	220725_A00639_1256_AHGV3NDRX2-AD-JB-1S-0714	TRUE	Scerevisiae_Spombe/saccharomyces_cerevisiae_R64-3-1_20210421_Schizosaccharomyces_pombe_all_chromosomes_relabelled_geneid.gff3	Scerevisiae_Spombe/STAR_saccharomyces_cerevisiae_R64-3-1_20210421_Schizosaccharomyces_pombe_all_chromosomes_relabelled	Scerevisiae_Spombe/Scerevisiae_orf_coding_all_Scerevisiae_rna_coding_Spombe_cds.fasta.idx	sbatch_star_kallisto_paired_umi.template	Snakefile_map_STAR_kallisto_umi.smk	--rf-stranded	AD-JB-JB106_S38_R1_001.fastq.gz	AD-JB-JB106_S38_R2_001.fastq.gz	AD-JB-JB106_S38_R3_001.fastq.gz	220725_A00639_1256_AHGV3NDRX2-AD-JB-1S-0714/FastQ/AD-JB-JB106_S38_R1_001.fastq.gz	220725_A00639_1256_AHGV3NDRX2-AD-JB-1S-0714/FastQ/AD-JB-JB106_S38_R2_001.fastq.gz	220725_A00639_1256_AHGV3NDRX2-AD-JB-1S-0714/FastQ/AD-JB-JB106_S38_R3_001.fastq.gz	B	pombe	/Users/jbard/Dropbox (Drummond Lab)/code_JB/repos/RNA_Condensation_2024/data_raw/kallisto_quant/tsv/JB106~abundance.tsv
snake_220725	JB107	0.32899802935397493	0.0335488919034003	0.1019729266138079	L56	Total	10min	46C	BR2	BY4741	PolySeq_10min	tg_15	none	FALSE	PolySeq	220725	JB107	220725_A00639_1256_AHGV3NDRX2-AD-JB-1S-0714	TRUE	Scerevisiae_Spombe/saccharomyces_cerevisiae_R64-3-1_20210421_Schizosaccharomyces_pombe_all_chromosomes_relabelled_geneid.gff3	Scerevisiae_Spombe/STAR_saccharomyces_cerevisiae_R64-3-1_20210421_Schizosaccharomyces_pombe_all_chromosomes_relabelled	Scerevisiae_Spombe/Scerevisiae_orf_coding_all_Scerevisiae_rna_coding_Spombe_cds.fasta.idx	sbatch_star_kallisto_paired_umi.template	Snakefile_map_STAR_kallisto_umi.smk	--rf-stranded	AD-JB-JB107_S39_R1_001.fastq.gz	AD-JB-JB107_S39_R2_001.fastq.gz	AD-JB-JB107_S39_R3_001.fastq.gz	220725_A00639_1256_AHGV3NDRX2-AD-JB-1S-0714/FastQ/AD-JB-JB107_S39_R1_001.fastq.gz	220725_A00639_1256_AHGV3NDRX2-AD-JB-1S-0714/FastQ/AD-JB-JB107_S39_R2_001.fastq.gz	220725_A00639_1256_AHGV3NDRX2-AD-JB-1S-0714/FastQ/AD-JB-JB107_S39_R3_001.fastq.gz	B	pombe	/Users/jbard/Dropbox (Drummond Lab)/code_JB/repos/RNA_Condensation_2024/data_raw/kallisto_quant/tsv/JB107~abundance.tsv
snake_220725	JB108	1.1486422612405687	0.19522516724217487	0.1699616789576641	L51	Free	10min	30C	BR1	BY4741	PolySeq_10min	tg_15	none	FALSE	PolySeq	220725	JB108	220725_A00639_1256_AHGV3NDRX2-AD-JB-1S-0714	TRUE	Scerevisiae_Spombe/saccharomyces_cerevisiae_R64-3-1_20210421_Schizosaccharomyces_pombe_all_chromosomes_relabelled_geneid.gff3	Scerevisiae_Spombe/STAR_saccharomyces_cerevisiae_R64-3-1_20210421_Schizosaccharomyces_pombe_all_chromosomes_relabelled	Scerevisiae_Spombe/Scerevisiae_orf_coding_all_Scerevisiae_rna_coding_Spombe_cds.fasta.idx	sbatch_star_kallisto_paired_umi.template	Snakefile_map_STAR_kallisto_umi.smk	--rf-stranded	AD-JB-JB108_S40_R1_001.fastq.gz	AD-JB-JB108_S40_R2_001.fastq.gz	AD-JB-JB108_S40_R3_001.fastq.gz	220725_A00639_1256_AHGV3NDRX2-AD-JB-1S-0714/FastQ/AD-JB-JB108_S40_R1_001.fastq.gz	220725_A00639_1256_AHGV3NDRX2-AD-JB-1S-0714/FastQ/AD-JB-JB108_S40_R2_001.fastq.gz	220725_A00639_1256_AHGV3NDRX2-AD-JB-1S-0714/FastQ/AD-JB-JB108_S40_R3_001.fastq.gz	B	pombe	/Users/jbard/Dropbox (Drummond Lab)/code_JB/repos/RNA_Condensation_2024/data_raw/kallisto_quant/tsv/JB108~abundance.tsv
snake_220725	JB109	1.1099392242502115	0.23904712130253908	0.21536955905312807	L52	Free	10min	42C	BR1	BY4741	PolySeq_10min	tg_15	none	FALSE	PolySeq	220725	JB109	220725_A00639_1256_AHGV3NDRX2-AD-JB-1S-0714	TRUE	Scerevisiae_Spombe/saccharomyces_cerevisiae_R64-3-1_20210421_Schizosaccharomyces_pombe_all_chromosomes_relabelled_geneid.gff3	Scerevisiae_Spombe/STAR_saccharomyces_cerevisiae_R64-3-1_20210421_Schizosaccharomyces_pombe_all_chromosomes_relabelled	Scerevisiae_Spombe/Scerevisiae_orf_coding_all_Scerevisiae_rna_coding_Spombe_cds.fasta.idx	sbatch_star_kallisto_paired_umi.template	Snakefile_map_STAR_kallisto_umi.smk	--rf-stranded	AD-JB-JB109_S41_R1_001.fastq.gz	AD-JB-JB109_S41_R2_001.fastq.gz	AD-JB-JB109_S41_R3_001.fastq.gz	220725_A00639_1256_AHGV3NDRX2-AD-JB-1S-0714/FastQ/AD-JB-JB109_S41_R1_001.fastq.gz	220725_A00639_1256_AHGV3NDRX2-AD-JB-1S-0714/FastQ/AD-JB-JB109_S41_R2_001.fastq.gz	220725_A00639_1256_AHGV3NDRX2-AD-JB-1S-0714/FastQ/AD-JB-JB109_S41_R3_001.fastq.gz	B	pombe	/Users/jbard/Dropbox (Drummond Lab)/code_JB/repos/RNA_Condensation_2024/data_raw/kallisto_quant/tsv/JB109~abundance.tsv
snake_220725	JB110	1.9177398864652835	0.24836254595664178	0.12950794198394425	L53	Free	10min	46C	BR1	BY4741	PolySeq_10min	tg_15	none	FALSE	PolySeq	220725	JB110	220725_A00639_1256_AHGV3NDRX2-AD-JB-1S-0714	TRUE	Scerevisiae_Spombe/saccharomyces_cerevisiae_R64-3-1_20210421_Schizosaccharomyces_pombe_all_chromosomes_relabelled_geneid.gff3	Scerevisiae_Spombe/STAR_saccharomyces_cerevisiae_R64-3-1_20210421_Schizosaccharomyces_pombe_all_chromosomes_relabelled	Scerevisiae_Spombe/Scerevisiae_orf_coding_all_Scerevisiae_rna_coding_Spombe_cds.fasta.idx	sbatch_star_kallisto_paired_umi.template	Snakefile_map_STAR_kallisto_umi.smk	--rf-stranded	AD-JB-JB110_S42_R1_001.fastq.gz	AD-JB-JB110_S42_R2_001.fastq.gz	AD-JB-JB110_S42_R3_001.fastq.gz	220725_A00639_1256_AHGV3NDRX2-AD-JB-1S-0714/FastQ/AD-JB-JB110_S42_R1_001.fastq.gz	220725_A00639_1256_AHGV3NDRX2-AD-JB-1S-0714/FastQ/AD-JB-JB110_S42_R2_001.fastq.gz	220725_A00639_1256_AHGV3NDRX2-AD-JB-1S-0714/FastQ/AD-JB-JB110_S42_R3_001.fastq.gz	B	pombe	/Users/jbard/Dropbox (Drummond Lab)/code_JB/repos/RNA_Condensation_2024/data_raw/kallisto_quant/tsv/JB110~abundance.tsv
snake_220725	JB111	1.3019269775686486	0.21034817204366996	0.16156679726884193	L54	Free	10min	30C	BR2	BY4741	PolySeq_10min	tg_15	none	FALSE	PolySeq	220725	JB111	220725_A00639_1256_AHGV3NDRX2-AD-JB-1S-0714	TRUE	Scerevisiae_Spombe/saccharomyces_cerevisiae_R64-3-1_20210421_Schizosaccharomyces_pombe_all_chromosomes_relabelled_geneid.gff3	Scerevisiae_Spombe/STAR_saccharomyces_cerevisiae_R64-3-1_20210421_Schizosaccharomyces_pombe_all_chromosomes_relabelled	Scerevisiae_Spombe/Scerevisiae_orf_coding_all_Scerevisiae_rna_coding_Spombe_cds.fasta.idx	sbatch_star_kallisto_paired_umi.template	Snakefile_map_STAR_kallisto_umi.smk	--rf-stranded	AD-JB-JB111_S43_R1_001.fastq.gz	AD-JB-JB111_S43_R2_001.fastq.gz	AD-JB-JB111_S43_R3_001.fastq.gz	220725_A00639_1256_AHGV3NDRX2-AD-JB-1S-0714/FastQ/AD-JB-JB111_S43_R1_001.fastq.gz	220725_A00639_1256_AHGV3NDRX2-AD-JB-1S-0714/FastQ/AD-JB-JB111_S43_R2_001.fastq.gz	220725_A00639_1256_AHGV3NDRX2-AD-JB-1S-0714/FastQ/AD-JB-JB111_S43_R3_001.fastq.gz	B	pombe	/Users/jbard/Dropbox (Drummond Lab)/code_JB/repos/RNA_Condensation_2024/data_raw/kallisto_quant/tsv/JB111~abundance.tsv
snake_220725	JB112	1.2539067140445534	0.25316480933190977	0.2019008324114567	L55	Free	10min	42C	BR2	BY4741	PolySeq_10min	tg_15	none	FALSE	PolySeq	220725	JB112	220725_A00639_1256_AHGV3NDRX2-AD-JB-1S-0714	TRUE	Scerevisiae_Spombe/saccharomyces_cerevisiae_R64-3-1_20210421_Schizosaccharomyces_pombe_all_chromosomes_relabelled_geneid.gff3	Scerevisiae_Spombe/STAR_saccharomyces_cerevisiae_R64-3-1_20210421_Schizosaccharomyces_pombe_all_chromosomes_relabelled	Scerevisiae_Spombe/Scerevisiae_orf_coding_all_Scerevisiae_rna_coding_Spombe_cds.fasta.idx	sbatch_star_kallisto_paired_umi.template	Snakefile_map_STAR_kallisto_umi.smk	--rf-stranded	AD-JB-JB112_S44_R1_001.fastq.gz	AD-JB-JB112_S44_R2_001.fastq.gz	AD-JB-JB112_S44_R3_001.fastq.gz	220725_A00639_1256_AHGV3NDRX2-AD-JB-1S-0714/FastQ/AD-JB-JB112_S44_R1_001.fastq.gz	220725_A00639_1256_AHGV3NDRX2-AD-JB-1S-0714/FastQ/AD-JB-JB112_S44_R2_001.fastq.gz	220725_A00639_1256_AHGV3NDRX2-AD-JB-1S-0714/FastQ/AD-JB-JB112_S44_R3_001.fastq.gz	B	pombe	/Users/jbard/Dropbox (Drummond Lab)/code_JB/repos/RNA_Condensation_2024/data_raw/kallisto_quant/tsv/JB112~abundance.tsv
snake_220725	JB113	1.3058567814206077	0.1850437055295584	0.14170290966230933	L56	Free	10min	46C	BR2	BY4741	PolySeq_10min	tg_15	none	FALSE	PolySeq	220725	JB113	220725_A00639_1256_AHGV3NDRX2-AD-JB-1S-0714	TRUE	Scerevisiae_Spombe/saccharomyces_cerevisiae_R64-3-1_20210421_Schizosaccharomyces_pombe_all_chromosomes_relabelled_geneid.gff3	Scerevisiae_Spombe/STAR_saccharomyces_cerevisiae_R64-3-1_20210421_Schizosaccharomyces_pombe_all_chromosomes_relabelled	Scerevisiae_Spombe/Scerevisiae_orf_coding_all_Scerevisiae_rna_coding_Spombe_cds.fasta.idx	sbatch_star_kallisto_paired_umi.template	Snakefile_map_STAR_kallisto_umi.smk	--rf-stranded	AD-JB-JB113_S45_R1_001.fastq.gz	AD-JB-JB113_S45_R2_001.fastq.gz	AD-JB-JB113_S45_R3_001.fastq.gz	220725_A00639_1256_AHGV3NDRX2-AD-JB-1S-0714/FastQ/AD-JB-JB113_S45_R1_001.fastq.gz	220725_A00639_1256_AHGV3NDRX2-AD-JB-1S-0714/FastQ/AD-JB-JB113_S45_R2_001.fastq.gz	220725_A00639_1256_AHGV3NDRX2-AD-JB-1S-0714/FastQ/AD-JB-JB113_S45_R3_001.fastq.gz	B	pombe	/Users/jbard/Dropbox (Drummond Lab)/code_JB/repos/RNA_Condensation_2024/data_raw/kallisto_quant/tsv/JB113~abundance.tsv
snake_220725	JB114	2.571644676874484	0.20008037438493026	0.07780249588294726	L51	Mono	10min	30C	BR1	BY4741	PolySeq_10min	tg_15	none	FALSE	PolySeq	220725	JB114	220725_A00639_1256_AHGV3NDRX2-AD-JB-1S-0714	TRUE	Scerevisiae_Spombe/saccharomyces_cerevisiae_R64-3-1_20210421_Schizosaccharomyces_pombe_all_chromosomes_relabelled_geneid.gff3	Scerevisiae_Spombe/STAR_saccharomyces_cerevisiae_R64-3-1_20210421_Schizosaccharomyces_pombe_all_chromosomes_relabelled	Scerevisiae_Spombe/Scerevisiae_orf_coding_all_Scerevisiae_rna_coding_Spombe_cds.fasta.idx	sbatch_star_kallisto_paired_umi.template	Snakefile_map_STAR_kallisto_umi.smk	--rf-stranded	AD-JB-JB114_S46_R1_001.fastq.gz	AD-JB-JB114_S46_R2_001.fastq.gz	AD-JB-JB114_S46_R3_001.fastq.gz	220725_A00639_1256_AHGV3NDRX2-AD-JB-1S-0714/FastQ/AD-JB-JB114_S46_R1_001.fastq.gz	220725_A00639_1256_AHGV3NDRX2-AD-JB-1S-0714/FastQ/AD-JB-JB114_S46_R2_001.fastq.gz	220725_A00639_1256_AHGV3NDRX2-AD-JB-1S-0714/FastQ/AD-JB-JB114_S46_R3_001.fastq.gz	B	pombe	/Users/jbard/Dropbox (Drummond Lab)/code_JB/repos/RNA_Condensation_2024/data_raw/kallisto_quant/tsv/JB114~abundance.tsv
snake_220725	JB115	4.044847547997794	0.3721822130346351	0.09201390376724233	L52	Mono	10min	42C	BR1	BY4741	PolySeq_10min	tg_15	none	FALSE	PolySeq	220725	JB115	220725_A00639_1256_AHGV3NDRX2-AD-JB-1S-0714	TRUE	Scerevisiae_Spombe/saccharomyces_cerevisiae_R64-3-1_20210421_Schizosaccharomyces_pombe_all_chromosomes_relabelled_geneid.gff3	Scerevisiae_Spombe/STAR_saccharomyces_cerevisiae_R64-3-1_20210421_Schizosaccharomyces_pombe_all_chromosomes_relabelled	Scerevisiae_Spombe/Scerevisiae_orf_coding_all_Scerevisiae_rna_coding_Spombe_cds.fasta.idx	sbatch_star_kallisto_paired_umi.template	Snakefile_map_STAR_kallisto_umi.smk	--rf-stranded	AD-JB-JB115_S47_R1_001.fastq.gz	AD-JB-JB115_S47_R2_001.fastq.gz	AD-JB-JB115_S47_R3_001.fastq.gz	220725_A00639_1256_AHGV3NDRX2-AD-JB-1S-0714/FastQ/AD-JB-JB115_S47_R1_001.fastq.gz	220725_A00639_1256_AHGV3NDRX2-AD-JB-1S-0714/FastQ/AD-JB-JB115_S47_R2_001.fastq.gz	220725_A00639_1256_AHGV3NDRX2-AD-JB-1S-0714/FastQ/AD-JB-JB115_S47_R3_001.fastq.gz	B	pombe	/Users/jbard/Dropbox (Drummond Lab)/code_JB/repos/RNA_Condensation_2024/data_raw/kallisto_quant/tsv/JB115~abundance.tsv
snake_220725	JB116	1.7774527198031635	0.18168051005156785	0.10221397622980784	L53	Mono	10min	46C	BR1	BY4741	PolySeq_10min	tg_15	none	FALSE	PolySeq	220725	JB116	220725_A00639_1256_AHGV3NDRX2-AD-JB-1S-0714	TRUE	Scerevisiae_Spombe/saccharomyces_cerevisiae_R64-3-1_20210421_Schizosaccharomyces_pombe_all_chromosomes_relabelled_geneid.gff3	Scerevisiae_Spombe/STAR_saccharomyces_cerevisiae_R64-3-1_20210421_Schizosaccharomyces_pombe_all_chromosomes_relabelled	Scerevisiae_Spombe/Scerevisiae_orf_coding_all_Scerevisiae_rna_coding_Spombe_cds.fasta.idx	sbatch_star_kallisto_paired_umi.template	Snakefile_map_STAR_kallisto_umi.smk	--rf-stranded	AD-JB-JB116_S48_R1_001.fastq.gz	AD-JB-JB116_S48_R2_001.fastq.gz	AD-JB-JB116_S48_R3_001.fastq.gz	220725_A00639_1256_AHGV3NDRX2-AD-JB-1S-0714/FastQ/AD-JB-JB116_S48_R1_001.fastq.gz	220725_A00639_1256_AHGV3NDRX2-AD-JB-1S-0714/FastQ/AD-JB-JB116_S48_R2_001.fastq.gz	220725_A00639_1256_AHGV3NDRX2-AD-JB-1S-0714/FastQ/AD-JB-JB116_S48_R3_001.fastq.gz	B	pombe	/Users/jbard/Dropbox (Drummond Lab)/code_JB/repos/RNA_Condensation_2024/data_raw/kallisto_quant/tsv/JB116~abundance.tsv
snake_220725	JB117	1.084013222332186	0.08552054843385072	0.078892532555884	L54	Mono	10min	30C	BR2	BY4741	PolySeq_10min	tg_15	none	FALSE	PolySeq	220725	JB117	220725_A00639_1256_AHGV3NDRX2-AD-JB-1S-0714	TRUE	Scerevisiae_Spombe/saccharomyces_cerevisiae_R64-3-1_20210421_Schizosaccharomyces_pombe_all_chromosomes_relabelled_geneid.gff3	Scerevisiae_Spombe/STAR_saccharomyces_cerevisiae_R64-3-1_20210421_Schizosaccharomyces_pombe_all_chromosomes_relabelled	Scerevisiae_Spombe/Scerevisiae_orf_coding_all_Scerevisiae_rna_coding_Spombe_cds.fasta.idx	sbatch_star_kallisto_paired_umi.template	Snakefile_map_STAR_kallisto_umi.smk	--rf-stranded	AD-JB-JB117_S49_R1_001.fastq.gz	AD-JB-JB117_S49_R2_001.fastq.gz	AD-JB-JB117_S49_R3_001.fastq.gz	220725_A00639_1256_AHGV3NDRX2-AD-JB-1S-0714/FastQ/AD-JB-JB117_S49_R1_001.fastq.gz	220725_A00639_1256_AHGV3NDRX2-AD-JB-1S-0714/FastQ/AD-JB-JB117_S49_R2_001.fastq.gz	220725_A00639_1256_AHGV3NDRX2-AD-JB-1S-0714/FastQ/AD-JB-JB117_S49_R3_001.fastq.gz	B	pombe	/Users/jbard/Dropbox (Drummond Lab)/code_JB/repos/RNA_Condensation_2024/data_raw/kallisto_quant/tsv/JB117~abundance.tsv
snake_220725	JB118	3.2456198879844838	0.301492733060335	0.09289218807676235	L55	Mono	10min	42C	BR2	BY4741	PolySeq_10min	tg_15	none	FALSE	PolySeq	220725	JB118	220725_A00639_1256_AHGV3NDRX2-AD-JB-1S-0714	TRUE	Scerevisiae_Spombe/saccharomyces_cerevisiae_R64-3-1_20210421_Schizosaccharomyces_pombe_all_chromosomes_relabelled_geneid.gff3	Scerevisiae_Spombe/STAR_saccharomyces_cerevisiae_R64-3-1_20210421_Schizosaccharomyces_pombe_all_chromosomes_relabelled	Scerevisiae_Spombe/Scerevisiae_orf_coding_all_Scerevisiae_rna_coding_Spombe_cds.fasta.idx	sbatch_star_kallisto_paired_umi.template	Snakefile_map_STAR_kallisto_umi.smk	--rf-stranded	AD-JB-JB118_S50_R1_001.fastq.gz	AD-JB-JB118_S50_R2_001.fastq.gz	AD-JB-JB118_S50_R3_001.fastq.gz	220725_A00639_1256_AHGV3NDRX2-AD-JB-1S-0714/FastQ/AD-JB-JB118_S50_R1_001.fastq.gz	220725_A00639_1256_AHGV3NDRX2-AD-JB-1S-0714/FastQ/AD-JB-JB118_S50_R2_001.fastq.gz	220725_A00639_1256_AHGV3NDRX2-AD-JB-1S-0714/FastQ/AD-JB-JB118_S50_R3_001.fastq.gz	B	pombe	/Users/jbard/Dropbox (Drummond Lab)/code_JB/repos/RNA_Condensation_2024/data_raw/kallisto_quant/tsv/JB118~abundance.tsv
snake_220725	JB119	1.0771611492221325	0.1006546514404917	0.0934443759999876	L56	Mono	10min	46C	BR2	BY4741	PolySeq_10min	tg_15	none	FALSE	PolySeq	220725	JB119	220725_A00639_1256_AHGV3NDRX2-AD-JB-1S-0714	TRUE	Scerevisiae_Spombe/saccharomyces_cerevisiae_R64-3-1_20210421_Schizosaccharomyces_pombe_all_chromosomes_relabelled_geneid.gff3	Scerevisiae_Spombe/STAR_saccharomyces_cerevisiae_R64-3-1_20210421_Schizosaccharomyces_pombe_all_chromosomes_relabelled	Scerevisiae_Spombe/Scerevisiae_orf_coding_all_Scerevisiae_rna_coding_Spombe_cds.fasta.idx	sbatch_star_kallisto_paired_umi.template	Snakefile_map_STAR_kallisto_umi.smk	--rf-stranded	AD-JB-JB119_S51_R1_001.fastq.gz	AD-JB-JB119_S51_R2_001.fastq.gz	AD-JB-JB119_S51_R3_001.fastq.gz	220725_A00639_1256_AHGV3NDRX2-AD-JB-1S-0714/FastQ/AD-JB-JB119_S51_R1_001.fastq.gz	220725_A00639_1256_AHGV3NDRX2-AD-JB-1S-0714/FastQ/AD-JB-JB119_S51_R2_001.fastq.gz	220725_A00639_1256_AHGV3NDRX2-AD-JB-1S-0714/FastQ/AD-JB-JB119_S51_R3_001.fastq.gz	B	pombe	/Users/jbard/Dropbox (Drummond Lab)/code_JB/repos/RNA_Condensation_2024/data_raw/kallisto_quant/tsv/JB119~abundance.tsv
snake_220725	JB120	0.4338415250005952	0.06068994756688284	0.1398896695441949	L51	Poly	10min	30C	BR1	BY4741	PolySeq_10min	tg_15	none	FALSE	PolySeq	220725	JB120	220725_A00639_1256_AHGV3NDRX2-AD-JB-1S-0714	TRUE	Scerevisiae_Spombe/saccharomyces_cerevisiae_R64-3-1_20210421_Schizosaccharomyces_pombe_all_chromosomes_relabelled_geneid.gff3	Scerevisiae_Spombe/STAR_saccharomyces_cerevisiae_R64-3-1_20210421_Schizosaccharomyces_pombe_all_chromosomes_relabelled	Scerevisiae_Spombe/Scerevisiae_orf_coding_all_Scerevisiae_rna_coding_Spombe_cds.fasta.idx	sbatch_star_kallisto_paired_umi.template	Snakefile_map_STAR_kallisto_umi.smk	--rf-stranded	AD-JB-JB120_S52_R1_001.fastq.gz	AD-JB-JB120_S52_R2_001.fastq.gz	AD-JB-JB120_S52_R3_001.fastq.gz	220725_A00639_1256_AHGV3NDRX2-AD-JB-1S-0714/FastQ/AD-JB-JB120_S52_R1_001.fastq.gz	220725_A00639_1256_AHGV3NDRX2-AD-JB-1S-0714/FastQ/AD-JB-JB120_S52_R2_001.fastq.gz	220725_A00639_1256_AHGV3NDRX2-AD-JB-1S-0714/FastQ/AD-JB-JB120_S52_R3_001.fastq.gz	B	pombe	/Users/jbard/Dropbox (Drummond Lab)/code_JB/repos/RNA_Condensation_2024/data_raw/kallisto_quant/tsv/JB120~abundance.tsv
snake_220725	JB121	0.2970204774632633	0.04617218340757726	0.15545117899585903	L52	Poly	10min	42C	BR1	BY4741	PolySeq_10min	tg_15	none	FALSE	PolySeq	220725	JB121	220725_A00639_1256_AHGV3NDRX2-AD-JB-1S-0714	TRUE	Scerevisiae_Spombe/saccharomyces_cerevisiae_R64-3-1_20210421_Schizosaccharomyces_pombe_all_chromosomes_relabelled_geneid.gff3	Scerevisiae_Spombe/STAR_saccharomyces_cerevisiae_R64-3-1_20210421_Schizosaccharomyces_pombe_all_chromosomes_relabelled	Scerevisiae_Spombe/Scerevisiae_orf_coding_all_Scerevisiae_rna_coding_Spombe_cds.fasta.idx	sbatch_star_kallisto_paired_umi.template	Snakefile_map_STAR_kallisto_umi.smk	--rf-stranded	AD-JB-JB121_S53_R1_001.fastq.gz	AD-JB-JB121_S53_R2_001.fastq.gz	AD-JB-JB121_S53_R3_001.fastq.gz	220725_A00639_1256_AHGV3NDRX2-AD-JB-1S-0714/FastQ/AD-JB-JB121_S53_R1_001.fastq.gz	220725_A00639_1256_AHGV3NDRX2-AD-JB-1S-0714/FastQ/AD-JB-JB121_S53_R2_001.fastq.gz	220725_A00639_1256_AHGV3NDRX2-AD-JB-1S-0714/FastQ/AD-JB-JB121_S53_R3_001.fastq.gz	B	pombe	/Users/jbard/Dropbox (Drummond Lab)/code_JB/repos/RNA_Condensation_2024/data_raw/kallisto_quant/tsv/JB121~abundance.tsv
snake_220725	JB122	0.9906229367165305	0.12386841551302079	0.1250409322477318	L53	Poly	10min	46C	BR1	BY4741	PolySeq_10min	tg_15	none	FALSE	PolySeq	220725	JB122	220725_A00639_1256_AHGV3NDRX2-AD-JB-1S-0714	TRUE	Scerevisiae_Spombe/saccharomyces_cerevisiae_R64-3-1_20210421_Schizosaccharomyces_pombe_all_chromosomes_relabelled_geneid.gff3	Scerevisiae_Spombe/STAR_saccharomyces_cerevisiae_R64-3-1_20210421_Schizosaccharomyces_pombe_all_chromosomes_relabelled	Scerevisiae_Spombe/Scerevisiae_orf_coding_all_Scerevisiae_rna_coding_Spombe_cds.fasta.idx	sbatch_star_kallisto_paired_umi.template	Snakefile_map_STAR_kallisto_umi.smk	--rf-stranded	AD-JB-JB122_S54_R1_001.fastq.gz	AD-JB-JB122_S54_R2_001.fastq.gz	AD-JB-JB122_S54_R3_001.fastq.gz	220725_A00639_1256_AHGV3NDRX2-AD-JB-1S-0714/FastQ/AD-JB-JB122_S54_R1_001.fastq.gz	220725_A00639_1256_AHGV3NDRX2-AD-JB-1S-0714/FastQ/AD-JB-JB122_S54_R2_001.fastq.gz	220725_A00639_1256_AHGV3NDRX2-AD-JB-1S-0714/FastQ/AD-JB-JB122_S54_R3_001.fastq.gz	B	pombe	/Users/jbard/Dropbox (Drummond Lab)/code_JB/repos/RNA_Condensation_2024/data_raw/kallisto_quant/tsv/JB122~abundance.tsv
snake_220725	JB123	0.6977127573077937	0.08736654356491734	0.12521849808513086	L54	Poly	10min	30C	BR2	BY4741	PolySeq_10min	tg_15	none	FALSE	PolySeq	220725	JB123	220725_A00639_1256_AHGV3NDRX2-AD-JB-1S-0714	TRUE	Scerevisiae_Spombe/saccharomyces_cerevisiae_R64-3-1_20210421_Schizosaccharomyces_pombe_all_chromosomes_relabelled_geneid.gff3	Scerevisiae_Spombe/STAR_saccharomyces_cerevisiae_R64-3-1_20210421_Schizosaccharomyces_pombe_all_chromosomes_relabelled	Scerevisiae_Spombe/Scerevisiae_orf_coding_all_Scerevisiae_rna_coding_Spombe_cds.fasta.idx	sbatch_star_kallisto_paired_umi.template	Snakefile_map_STAR_kallisto_umi.smk	--rf-stranded	AD-JB-JB123_S55_R1_001.fastq.gz	AD-JB-JB123_S55_R2_001.fastq.gz	AD-JB-JB123_S55_R3_001.fastq.gz	220725_A00639_1256_AHGV3NDRX2-AD-JB-1S-0714/FastQ/AD-JB-JB123_S55_R1_001.fastq.gz	220725_A00639_1256_AHGV3NDRX2-AD-JB-1S-0714/FastQ/AD-JB-JB123_S55_R2_001.fastq.gz	220725_A00639_1256_AHGV3NDRX2-AD-JB-1S-0714/FastQ/AD-JB-JB123_S55_R3_001.fastq.gz	B	pombe	/Users/jbard/Dropbox (Drummond Lab)/code_JB/repos/RNA_Condensation_2024/data_raw/kallisto_quant/tsv/JB123~abundance.tsv
snake_220725	JB124	0.6062671772421147	0.09082718749408843	0.14981379646389187	L55	Poly	10min	42C	BR2	BY4741	PolySeq_10min	tg_15	none	FALSE	PolySeq	220725	JB124	220725_A00639_1256_AHGV3NDRX2-AD-JB-1S-0714	TRUE	Scerevisiae_Spombe/saccharomyces_cerevisiae_R64-3-1_20210421_Schizosaccharomyces_pombe_all_chromosomes_relabelled_geneid.gff3	Scerevisiae_Spombe/STAR_saccharomyces_cerevisiae_R64-3-1_20210421_Schizosaccharomyces_pombe_all_chromosomes_relabelled	Scerevisiae_Spombe/Scerevisiae_orf_coding_all_Scerevisiae_rna_coding_Spombe_cds.fasta.idx	sbatch_star_kallisto_paired_umi.template	Snakefile_map_STAR_kallisto_umi.smk	--rf-stranded	AD-JB-JB124_S56_R1_001.fastq.gz	AD-JB-JB124_S56_R2_001.fastq.gz	AD-JB-JB124_S56_R3_001.fastq.gz	220725_A00639_1256_AHGV3NDRX2-AD-JB-1S-0714/FastQ/AD-JB-JB124_S56_R1_001.fastq.gz	220725_A00639_1256_AHGV3NDRX2-AD-JB-1S-0714/FastQ/AD-JB-JB124_S56_R2_001.fastq.gz	220725_A00639_1256_AHGV3NDRX2-AD-JB-1S-0714/FastQ/AD-JB-JB124_S56_R3_001.fastq.gz	B	pombe	/Users/jbard/Dropbox (Drummond Lab)/code_JB/repos/RNA_Condensation_2024/data_raw/kallisto_quant/tsv/JB124~abundance.tsv
snake_220725	JB125	0.5055585433426125	0.06710142233066242	0.1327273037203693	L56	Poly	10min	46C	BR2	BY4741	PolySeq_10min	tg_15	none	FALSE	PolySeq	220725	JB125	220725_A00639_1256_AHGV3NDRX2-AD-JB-1S-0714	TRUE	Scerevisiae_Spombe/saccharomyces_cerevisiae_R64-3-1_20210421_Schizosaccharomyces_pombe_all_chromosomes_relabelled_geneid.gff3	Scerevisiae_Spombe/STAR_saccharomyces_cerevisiae_R64-3-1_20210421_Schizosaccharomyces_pombe_all_chromosomes_relabelled	Scerevisiae_Spombe/Scerevisiae_orf_coding_all_Scerevisiae_rna_coding_Spombe_cds.fasta.idx	sbatch_star_kallisto_paired_umi.template	Snakefile_map_STAR_kallisto_umi.smk	--rf-stranded	AD-JB-JB125_S57_R1_001.fastq.gz	AD-JB-JB125_S57_R2_001.fastq.gz	AD-JB-JB125_S57_R3_001.fastq.gz	220725_A00639_1256_AHGV3NDRX2-AD-JB-1S-0714/FastQ/AD-JB-JB125_S57_R1_001.fastq.gz	220725_A00639_1256_AHGV3NDRX2-AD-JB-1S-0714/FastQ/AD-JB-JB125_S57_R2_001.fastq.gz	220725_A00639_1256_AHGV3NDRX2-AD-JB-1S-0714/FastQ/AD-JB-JB125_S57_R3_001.fastq.gz	B	pombe	/Users/jbard/Dropbox (Drummond Lab)/code_JB/repos/RNA_Condensation_2024/data_raw/kallisto_quant/tsv/JB125~abundance.tsv
snake_230428	JB182	0.3540276961132175	0.08118271538183464	0.22931176366459344	L114	Total	30min	30C	BR1	BY4741	PolySeq_0.8%Azide	tg_17	mock	FALSE	PolySeq	230428	JB-27S-182	230428_A00639_1592_AHKGGHDMXY-NovaRS129-FC01-AD-JB-RS27	FALSE	Scerevisiae_Spombe/saccharomyces_cerevisiae_R64-3-1_20210421_Schizosaccharomyces_pombe_all_chromosomes_relabelled_geneid.gff3	Scerevisiae_Spombe/STAR_saccharomyces_cerevisiae_R64-3-1_20210421_Schizosaccharomyces_pombe_all_chromosomes_relabelled	Scerevisiae_Spombe/Scerevisiae_orf_coding_all_Scerevisiae_rna_coding_Spombe_cds.fasta.idx	sbatch_star_kallisto_paired.template	Snakefile_map_STAR_kallisto.smk	--fr-stranded	AD-JB-27S-182_S29_R1_001.fastq.gz	AD-JB-27S-182_S29_R2_001.fastq.gz	NA	230428_A00639_1592_AHKGGHDMXY-NovaRS129-FC01-AD-JB-RS27/FastQ/AD-JB-27S-182_S29_R1_001.fastq.gz	230428_A00639_1592_AHKGGHDMXY-NovaRS129-FC01-AD-JB-RS27/FastQ/AD-JB-27S-182_S29_R2_001.fastq.gz	NA	C	pombe	/Users/jbard/Dropbox (Drummond Lab)/code_JB/repos/RNA_Condensation_2024/data_raw/kallisto_quant/tsv/JB182~abundance.tsv
snake_230428	JB185	0.6266648315862944	0.07896622902623165	0.12601030893395151	L115	Total	30min	30C	BR1	BY4741	PolySeq_0.8%Azide	tg_17	Azide_0.8%_pH6.8	TRUE	PolySeq	230428	JB-27S-185	230428_A00639_1592_AHKGGHDMXY-NovaRS129-FC01-AD-JB-RS27	FALSE	Scerevisiae_Spombe/saccharomyces_cerevisiae_R64-3-1_20210421_Schizosaccharomyces_pombe_all_chromosomes_relabelled_geneid.gff3	Scerevisiae_Spombe/STAR_saccharomyces_cerevisiae_R64-3-1_20210421_Schizosaccharomyces_pombe_all_chromosomes_relabelled	Scerevisiae_Spombe/Scerevisiae_orf_coding_all_Scerevisiae_rna_coding_Spombe_cds.fasta.idx	sbatch_star_kallisto_paired.template	Snakefile_map_STAR_kallisto.smk	--fr-stranded	AD-JB-27S-185_S30_R1_001.fastq.gz	AD-JB-27S-185_S30_R2_001.fastq.gz	NA	230428_A00639_1592_AHKGGHDMXY-NovaRS129-FC01-AD-JB-RS27/FastQ/AD-JB-27S-185_S30_R1_001.fastq.gz	230428_A00639_1592_AHKGGHDMXY-NovaRS129-FC01-AD-JB-RS27/FastQ/AD-JB-27S-185_S30_R2_001.fastq.gz	NA	C	pombe	/Users/jbard/Dropbox (Drummond Lab)/code_JB/repos/RNA_Condensation_2024/data_raw/kallisto_quant/tsv/JB185~abundance.tsv
snake_230428	JB186	0.5291857994534488	0.08775955103053584	0.16583882470235456	L116	Total	30min	30C	BR2	BY4741	PolySeq_0.8%Azide	tg_17	mock	FALSE	PolySeq	230428	JB-27S-186	230428_A00639_1592_AHKGGHDMXY-NovaRS129-FC01-AD-JB-RS27	FALSE	Scerevisiae_Spombe/saccharomyces_cerevisiae_R64-3-1_20210421_Schizosaccharomyces_pombe_all_chromosomes_relabelled_geneid.gff3	Scerevisiae_Spombe/STAR_saccharomyces_cerevisiae_R64-3-1_20210421_Schizosaccharomyces_pombe_all_chromosomes_relabelled	Scerevisiae_Spombe/Scerevisiae_orf_coding_all_Scerevisiae_rna_coding_Spombe_cds.fasta.idx	sbatch_star_kallisto_paired.template	Snakefile_map_STAR_kallisto.smk	--fr-stranded	AD-JB-27S-186_S31_R1_001.fastq.gz	AD-JB-27S-186_S31_R2_001.fastq.gz	NA	230428_A00639_1592_AHKGGHDMXY-NovaRS129-FC01-AD-JB-RS27/FastQ/AD-JB-27S-186_S31_R1_001.fastq.gz	230428_A00639_1592_AHKGGHDMXY-NovaRS129-FC01-AD-JB-RS27/FastQ/AD-JB-27S-186_S31_R2_001.fastq.gz	NA	C	pombe	/Users/jbard/Dropbox (Drummond Lab)/code_JB/repos/RNA_Condensation_2024/data_raw/kallisto_quant/tsv/JB186~abundance.tsv
snake_230428	JB187	0.47559267660906446	0.07874396630875267	0.1655701825986693	L117	Total	30min	30C	BR2	BY4741	PolySeq_0.8%Azide	tg_17	Azide_0.8%_pH6.8	TRUE	PolySeq	230428	JB-27S-187	230428_A00639_1592_AHKGGHDMXY-NovaRS129-FC01-AD-JB-RS27	FALSE	Scerevisiae_Spombe/saccharomyces_cerevisiae_R64-3-1_20210421_Schizosaccharomyces_pombe_all_chromosomes_relabelled_geneid.gff3	Scerevisiae_Spombe/STAR_saccharomyces_cerevisiae_R64-3-1_20210421_Schizosaccharomyces_pombe_all_chromosomes_relabelled	Scerevisiae_Spombe/Scerevisiae_orf_coding_all_Scerevisiae_rna_coding_Spombe_cds.fasta.idx	sbatch_star_kallisto_paired.template	Snakefile_map_STAR_kallisto.smk	--fr-stranded	AD-JB-27S-187_S32_R1_001.fastq.gz	AD-JB-27S-187_S32_R2_001.fastq.gz	NA	230428_A00639_1592_AHKGGHDMXY-NovaRS129-FC01-AD-JB-RS27/FastQ/AD-JB-27S-187_S32_R1_001.fastq.gz	230428_A00639_1592_AHKGGHDMXY-NovaRS129-FC01-AD-JB-RS27/FastQ/AD-JB-27S-187_S32_R2_001.fastq.gz	NA	C	pombe	/Users/jbard/Dropbox (Drummond Lab)/code_JB/repos/RNA_Condensation_2024/data_raw/kallisto_quant/tsv/JB187~abundance.tsv
snake_230428	JB188	7.857777142186431	1.5315128673154759	0.19490408541789359	L114	Free	30min	30C	BR1	BY4741	PolySeq_0.8%Azide	tg_17	mock	FALSE	PolySeq	230428	JB-27S-188	230428_A00639_1592_AHKGGHDMXY-NovaRS129-FC01-AD-JB-RS27	FALSE	Scerevisiae_Spombe/saccharomyces_cerevisiae_R64-3-1_20210421_Schizosaccharomyces_pombe_all_chromosomes_relabelled_geneid.gff3	Scerevisiae_Spombe/STAR_saccharomyces_cerevisiae_R64-3-1_20210421_Schizosaccharomyces_pombe_all_chromosomes_relabelled	Scerevisiae_Spombe/Scerevisiae_orf_coding_all_Scerevisiae_rna_coding_Spombe_cds.fasta.idx	sbatch_star_kallisto_paired.template	Snakefile_map_STAR_kallisto.smk	--fr-stranded	AD-JB-27S-188_S33_R1_001.fastq.gz	AD-JB-27S-188_S33_R2_001.fastq.gz	NA	230428_A00639_1592_AHKGGHDMXY-NovaRS129-FC01-AD-JB-RS27/FastQ/AD-JB-27S-188_S33_R1_001.fastq.gz	230428_A00639_1592_AHKGGHDMXY-NovaRS129-FC01-AD-JB-RS27/FastQ/AD-JB-27S-188_S33_R2_001.fastq.gz	NA	C	pombe	/Users/jbard/Dropbox (Drummond Lab)/code_JB/repos/RNA_Condensation_2024/data_raw/kallisto_quant/tsv/JB188~abundance.tsv
snake_230428	JB191	5.138380440502143	1.0608775891700077	0.2064614719470508	L115	Free	30min	30C	BR1	BY4741	PolySeq_0.8%Azide	tg_17	Azide_0.8%_pH6.8	TRUE	PolySeq	230428	JB-27S-191	230428_A00639_1592_AHKGGHDMXY-NovaRS129-FC01-AD-JB-RS27	FALSE	Scerevisiae_Spombe/saccharomyces_cerevisiae_R64-3-1_20210421_Schizosaccharomyces_pombe_all_chromosomes_relabelled_geneid.gff3	Scerevisiae_Spombe/STAR_saccharomyces_cerevisiae_R64-3-1_20210421_Schizosaccharomyces_pombe_all_chromosomes_relabelled	Scerevisiae_Spombe/Scerevisiae_orf_coding_all_Scerevisiae_rna_coding_Spombe_cds.fasta.idx	sbatch_star_kallisto_paired.template	Snakefile_map_STAR_kallisto.smk	--fr-stranded	AD-JB-27S-191_S34_R1_001.fastq.gz	AD-JB-27S-191_S34_R2_001.fastq.gz	NA	230428_A00639_1592_AHKGGHDMXY-NovaRS129-FC01-AD-JB-RS27/FastQ/AD-JB-27S-191_S34_R1_001.fastq.gz	230428_A00639_1592_AHKGGHDMXY-NovaRS129-FC01-AD-JB-RS27/FastQ/AD-JB-27S-191_S34_R2_001.fastq.gz	NA	C	pombe	/Users/jbard/Dropbox (Drummond Lab)/code_JB/repos/RNA_Condensation_2024/data_raw/kallisto_quant/tsv/JB191~abundance.tsv
snake_230428	JB192	7.1410077107525725	1.085395587860037	0.15199473685285378	L116	Free	30min	30C	BR2	BY4741	PolySeq_0.8%Azide	tg_17	mock	FALSE	PolySeq	230428	JB-27S-192	230428_A00639_1592_AHKGGHDMXY-NovaRS129-FC01-AD-JB-RS27	FALSE	Scerevisiae_Spombe/saccharomyces_cerevisiae_R64-3-1_20210421_Schizosaccharomyces_pombe_all_chromosomes_relabelled_geneid.gff3	Scerevisiae_Spombe/STAR_saccharomyces_cerevisiae_R64-3-1_20210421_Schizosaccharomyces_pombe_all_chromosomes_relabelled	Scerevisiae_Spombe/Scerevisiae_orf_coding_all_Scerevisiae_rna_coding_Spombe_cds.fasta.idx	sbatch_star_kallisto_paired.template	Snakefile_map_STAR_kallisto.smk	--fr-stranded	AD-JB-27S-192_S35_R1_001.fastq.gz	AD-JB-27S-192_S35_R2_001.fastq.gz	NA	230428_A00639_1592_AHKGGHDMXY-NovaRS129-FC01-AD-JB-RS27/FastQ/AD-JB-27S-192_S35_R1_001.fastq.gz	230428_A00639_1592_AHKGGHDMXY-NovaRS129-FC01-AD-JB-RS27/FastQ/AD-JB-27S-192_S35_R2_001.fastq.gz	NA	C	pombe	/Users/jbard/Dropbox (Drummond Lab)/code_JB/repos/RNA_Condensation_2024/data_raw/kallisto_quant/tsv/JB192~abundance.tsv
snake_230428	JB193	4.114254556506038	0.7278768290514136	0.17691584685745618	L117	Free	30min	30C	BR2	BY4741	PolySeq_0.8%Azide	tg_17	Azide_0.8%_pH6.8	TRUE	PolySeq	230428	JB-27S-193	230428_A00639_1592_AHKGGHDMXY-NovaRS129-FC01-AD-JB-RS27	FALSE	Scerevisiae_Spombe/saccharomyces_cerevisiae_R64-3-1_20210421_Schizosaccharomyces_pombe_all_chromosomes_relabelled_geneid.gff3	Scerevisiae_Spombe/STAR_saccharomyces_cerevisiae_R64-3-1_20210421_Schizosaccharomyces_pombe_all_chromosomes_relabelled	Scerevisiae_Spombe/Scerevisiae_orf_coding_all_Scerevisiae_rna_coding_Spombe_cds.fasta.idx	sbatch_star_kallisto_paired.template	Snakefile_map_STAR_kallisto.smk	--fr-stranded	AD-JB-27S-193_S36_R1_001.fastq.gz	AD-JB-27S-193_S36_R2_001.fastq.gz	NA	230428_A00639_1592_AHKGGHDMXY-NovaRS129-FC01-AD-JB-RS27/FastQ/AD-JB-27S-193_S36_R1_001.fastq.gz	230428_A00639_1592_AHKGGHDMXY-NovaRS129-FC01-AD-JB-RS27/FastQ/AD-JB-27S-193_S36_R2_001.fastq.gz	NA	C	pombe	/Users/jbard/Dropbox (Drummond Lab)/code_JB/repos/RNA_Condensation_2024/data_raw/kallisto_quant/tsv/JB193~abundance.tsv
snake_230428	JB194	1.437553910293272	0.10512367532698642	0.07312677081135718	L114	Poly	30min	30C	BR1	BY4741	PolySeq_0.8%Azide	tg_17	mock	FALSE	PolySeq	230428	JB-27S-194	230428_A00639_1592_AHKGGHDMXY-NovaRS129-FC01-AD-JB-RS27	FALSE	Scerevisiae_Spombe/saccharomyces_cerevisiae_R64-3-1_20210421_Schizosaccharomyces_pombe_all_chromosomes_relabelled_geneid.gff3	Scerevisiae_Spombe/STAR_saccharomyces_cerevisiae_R64-3-1_20210421_Schizosaccharomyces_pombe_all_chromosomes_relabelled	Scerevisiae_Spombe/Scerevisiae_orf_coding_all_Scerevisiae_rna_coding_Spombe_cds.fasta.idx	sbatch_star_kallisto_paired.template	Snakefile_map_STAR_kallisto.smk	--fr-stranded	AD-JB-27S-194_S37_R1_001.fastq.gz	AD-JB-27S-194_S37_R2_001.fastq.gz	NA	230428_A00639_1592_AHKGGHDMXY-NovaRS129-FC01-AD-JB-RS27/FastQ/AD-JB-27S-194_S37_R1_001.fastq.gz	230428_A00639_1592_AHKGGHDMXY-NovaRS129-FC01-AD-JB-RS27/FastQ/AD-JB-27S-194_S37_R2_001.fastq.gz	NA	C	pombe	/Users/jbard/Dropbox (Drummond Lab)/code_JB/repos/RNA_Condensation_2024/data_raw/kallisto_quant/tsv/JB194~abundance.tsv
snake_230428	JB197	2.807385596859281	0.30412919288480156	0.10833182061810154	L115	Poly	30min	30C	BR1	BY4741	PolySeq_0.8%Azide	tg_17	Azide_0.8%_pH6.8	TRUE	PolySeq	230428	JB-27S-197	230428_A00639_1592_AHKGGHDMXY-NovaRS129-FC01-AD-JB-RS27	FALSE	Scerevisiae_Spombe/saccharomyces_cerevisiae_R64-3-1_20210421_Schizosaccharomyces_pombe_all_chromosomes_relabelled_geneid.gff3	Scerevisiae_Spombe/STAR_saccharomyces_cerevisiae_R64-3-1_20210421_Schizosaccharomyces_pombe_all_chromosomes_relabelled	Scerevisiae_Spombe/Scerevisiae_orf_coding_all_Scerevisiae_rna_coding_Spombe_cds.fasta.idx	sbatch_star_kallisto_paired.template	Snakefile_map_STAR_kallisto.smk	--fr-stranded	AD-JB-27S-197_S38_R1_001.fastq.gz	AD-JB-27S-197_S38_R2_001.fastq.gz	NA	230428_A00639_1592_AHKGGHDMXY-NovaRS129-FC01-AD-JB-RS27/FastQ/AD-JB-27S-197_S38_R1_001.fastq.gz	230428_A00639_1592_AHKGGHDMXY-NovaRS129-FC01-AD-JB-RS27/FastQ/AD-JB-27S-197_S38_R2_001.fastq.gz	NA	C	pombe	/Users/jbard/Dropbox (Drummond Lab)/code_JB/repos/RNA_Condensation_2024/data_raw/kallisto_quant/tsv/JB197~abundance.tsv
snake_230428	JB198	1.2713100344535957	0.056642652660415654	0.04455455484921147	L116	Poly	30min	30C	BR2	BY4741	PolySeq_0.8%Azide	tg_17	mock	FALSE	PolySeq	230428	JB-27S-198	230428_A00639_1592_AHKGGHDMXY-NovaRS129-FC01-AD-JB-RS27	FALSE	Scerevisiae_Spombe/saccharomyces_cerevisiae_R64-3-1_20210421_Schizosaccharomyces_pombe_all_chromosomes_relabelled_geneid.gff3	Scerevisiae_Spombe/STAR_saccharomyces_cerevisiae_R64-3-1_20210421_Schizosaccharomyces_pombe_all_chromosomes_relabelled	Scerevisiae_Spombe/Scerevisiae_orf_coding_all_Scerevisiae_rna_coding_Spombe_cds.fasta.idx	sbatch_star_kallisto_paired.template	Snakefile_map_STAR_kallisto.smk	--fr-stranded	AD-JB-27S-198_S39_R1_001.fastq.gz	AD-JB-27S-198_S39_R2_001.fastq.gz	NA	230428_A00639_1592_AHKGGHDMXY-NovaRS129-FC01-AD-JB-RS27/FastQ/AD-JB-27S-198_S39_R1_001.fastq.gz	230428_A00639_1592_AHKGGHDMXY-NovaRS129-FC01-AD-JB-RS27/FastQ/AD-JB-27S-198_S39_R2_001.fastq.gz	NA	C	pombe	/Users/jbard/Dropbox (Drummond Lab)/code_JB/repos/RNA_Condensation_2024/data_raw/kallisto_quant/tsv/JB198~abundance.tsv
snake_230428	JB199	2.468114167901553	0.23873118856385037	0.09672615297485411	L117	Poly	30min	30C	BR2	BY4741	PolySeq_0.8%Azide	tg_17	Azide_0.8%_pH6.8	TRUE	PolySeq	230428	JB-27S-199	230428_A00639_1592_AHKGGHDMXY-NovaRS129-FC01-AD-JB-RS27	FALSE	Scerevisiae_Spombe/saccharomyces_cerevisiae_R64-3-1_20210421_Schizosaccharomyces_pombe_all_chromosomes_relabelled_geneid.gff3	Scerevisiae_Spombe/STAR_saccharomyces_cerevisiae_R64-3-1_20210421_Schizosaccharomyces_pombe_all_chromosomes_relabelled	Scerevisiae_Spombe/Scerevisiae_orf_coding_all_Scerevisiae_rna_coding_Spombe_cds.fasta.idx	sbatch_star_kallisto_paired.template	Snakefile_map_STAR_kallisto.smk	--fr-stranded	AD-JB-27S-199_S40_R1_001.fastq.gz	AD-JB-27S-199_S40_R2_001.fastq.gz	NA	230428_A00639_1592_AHKGGHDMXY-NovaRS129-FC01-AD-JB-RS27/FastQ/AD-JB-27S-199_S40_R1_001.fastq.gz	230428_A00639_1592_AHKGGHDMXY-NovaRS129-FC01-AD-JB-RS27/FastQ/AD-JB-27S-199_S40_R2_001.fastq.gz	NA	C	pombe	/Users/jbard/Dropbox (Drummond Lab)/code_JB/repos/RNA_Condensation_2024/data_raw/kallisto_quant/tsv/JB199~abundance.tsv
snake_230428	JB212	0.27050293003123804	0.116010423461009	0.428869378411583	L122	Total	15min	30C	BR1	BY4741	PolySeq_7.5%EtOH	tg_18	mock	FALSE	PolySeq	230428	JB-212	230428_A00639_1592_AHKGGHDMXY-NovaRS129-FC01-AD-JB-RS24	FALSE	Scerevisiae_Spombe/saccharomyces_cerevisiae_R64-3-1_20210421_Schizosaccharomyces_pombe_all_chromosomes_relabelled_geneid.gff3	Scerevisiae_Spombe/STAR_saccharomyces_cerevisiae_R64-3-1_20210421_Schizosaccharomyces_pombe_all_chromosomes_relabelled	Scerevisiae_Spombe/Scerevisiae_orf_coding_all_Scerevisiae_rna_coding_Spombe_cds.fasta.idx	sbatch_star_kallisto_paired.template	Snakefile_map_STAR_kallisto.smk	--fr-stranded	AD-24S-JB-212_S13_R1_001.fastq.gz	AD-24S-JB-212_S13_R2_001.fastq.gz	NA	230428_A00639_1592_AHKGGHDMXY-NovaRS129-FC01-AD-JB-RS24/FastQ/AD-24S-JB-212_S13_R1_001.fastq.gz	230428_A00639_1592_AHKGGHDMXY-NovaRS129-FC01-AD-JB-RS24/FastQ/AD-24S-JB-212_S13_R2_001.fastq.gz	NA	C	pombe	/Users/jbard/Dropbox (Drummond Lab)/code_JB/repos/RNA_Condensation_2024/data_raw/kallisto_quant/tsv/JB212~abundance.tsv
snake_230428	JB213	0.43917399012262237	0.06351035798124995	0.14461320435556108	L123	Total	15min	30C	BR1	BY4741	PolySeq_7.5%EtOH	tg_18	EtOH_7.5%	TRUE	PolySeq	230428	JB-213	230428_A00639_1592_AHKGGHDMXY-NovaRS129-FC01-AD-JB-RS24	FALSE	Scerevisiae_Spombe/saccharomyces_cerevisiae_R64-3-1_20210421_Schizosaccharomyces_pombe_all_chromosomes_relabelled_geneid.gff3	Scerevisiae_Spombe/STAR_saccharomyces_cerevisiae_R64-3-1_20210421_Schizosaccharomyces_pombe_all_chromosomes_relabelled	Scerevisiae_Spombe/Scerevisiae_orf_coding_all_Scerevisiae_rna_coding_Spombe_cds.fasta.idx	sbatch_star_kallisto_paired.template	Snakefile_map_STAR_kallisto.smk	--fr-stranded	AD-24S-JB-213_S14_R1_001.fastq.gz	AD-24S-JB-213_S14_R2_001.fastq.gz	NA	230428_A00639_1592_AHKGGHDMXY-NovaRS129-FC01-AD-JB-RS24/FastQ/AD-24S-JB-213_S14_R1_001.fastq.gz	230428_A00639_1592_AHKGGHDMXY-NovaRS129-FC01-AD-JB-RS24/FastQ/AD-24S-JB-213_S14_R2_001.fastq.gz	NA	C	pombe	/Users/jbard/Dropbox (Drummond Lab)/code_JB/repos/RNA_Condensation_2024/data_raw/kallisto_quant/tsv/JB213~abundance.tsv
snake_230428	JB214	0.29166935120159787	0.099600803162917	0.3414853249153158	L124	Total	15min	30C	BR2	BY4741	PolySeq_7.5%EtOH	tg_18	mock	FALSE	PolySeq	230428	JB-214	230428_A00639_1592_AHKGGHDMXY-NovaRS129-FC01-AD-JB-RS24	FALSE	Scerevisiae_Spombe/saccharomyces_cerevisiae_R64-3-1_20210421_Schizosaccharomyces_pombe_all_chromosomes_relabelled_geneid.gff3	Scerevisiae_Spombe/STAR_saccharomyces_cerevisiae_R64-3-1_20210421_Schizosaccharomyces_pombe_all_chromosomes_relabelled	Scerevisiae_Spombe/Scerevisiae_orf_coding_all_Scerevisiae_rna_coding_Spombe_cds.fasta.idx	sbatch_star_kallisto_paired.template	Snakefile_map_STAR_kallisto.smk	--fr-stranded	AD-24S-JB-214_S15_R1_001.fastq.gz	AD-24S-JB-214_S15_R2_001.fastq.gz	NA	230428_A00639_1592_AHKGGHDMXY-NovaRS129-FC01-AD-JB-RS24/FastQ/AD-24S-JB-214_S15_R1_001.fastq.gz	230428_A00639_1592_AHKGGHDMXY-NovaRS129-FC01-AD-JB-RS24/FastQ/AD-24S-JB-214_S15_R2_001.fastq.gz	NA	C	pombe	/Users/jbard/Dropbox (Drummond Lab)/code_JB/repos/RNA_Condensation_2024/data_raw/kallisto_quant/tsv/JB214~abundance.tsv
snake_230428	JB215	0.3817662484881028	0.0725229962831905	0.18996701927004053	L125	Total	15min	30C	BR2	BY4741	PolySeq_7.5%EtOH	tg_18	EtOH_7.5%	TRUE	PolySeq	230428	JB-215	230428_A00639_1592_AHKGGHDMXY-NovaRS129-FC01-AD-JB-RS24	FALSE	Scerevisiae_Spombe/saccharomyces_cerevisiae_R64-3-1_20210421_Schizosaccharomyces_pombe_all_chromosomes_relabelled_geneid.gff3	Scerevisiae_Spombe/STAR_saccharomyces_cerevisiae_R64-3-1_20210421_Schizosaccharomyces_pombe_all_chromosomes_relabelled	Scerevisiae_Spombe/Scerevisiae_orf_coding_all_Scerevisiae_rna_coding_Spombe_cds.fasta.idx	sbatch_star_kallisto_paired.template	Snakefile_map_STAR_kallisto.smk	--fr-stranded	AD-24S-JB-215_S16_R1_001.fastq.gz	AD-24S-JB-215_S16_R2_001.fastq.gz	NA	230428_A00639_1592_AHKGGHDMXY-NovaRS129-FC01-AD-JB-RS24/FastQ/AD-24S-JB-215_S16_R1_001.fastq.gz	230428_A00639_1592_AHKGGHDMXY-NovaRS129-FC01-AD-JB-RS24/FastQ/AD-24S-JB-215_S16_R2_001.fastq.gz	NA	C	pombe	/Users/jbard/Dropbox (Drummond Lab)/code_JB/repos/RNA_Condensation_2024/data_raw/kallisto_quant/tsv/JB215~abundance.tsv
snake_230428	JB216	3.3343663812215847	0.40102976591190337	0.12027165585954035	L122	Free	15min	30C	BR1	BY4741	PolySeq_7.5%EtOH	tg_18	mock	FALSE	PolySeq	230428	JB-216	230428_A00639_1592_AHKGGHDMXY-NovaRS129-FC01-AD-JB-RS24	FALSE	Scerevisiae_Spombe/saccharomyces_cerevisiae_R64-3-1_20210421_Schizosaccharomyces_pombe_all_chromosomes_relabelled_geneid.gff3	Scerevisiae_Spombe/STAR_saccharomyces_cerevisiae_R64-3-1_20210421_Schizosaccharomyces_pombe_all_chromosomes_relabelled	Scerevisiae_Spombe/Scerevisiae_orf_coding_all_Scerevisiae_rna_coding_Spombe_cds.fasta.idx	sbatch_star_kallisto_paired.template	Snakefile_map_STAR_kallisto.smk	--fr-stranded	AD-24S-JB-216_S17_R1_001.fastq.gz	AD-24S-JB-216_S17_R2_001.fastq.gz	NA	230428_A00639_1592_AHKGGHDMXY-NovaRS129-FC01-AD-JB-RS24/FastQ/AD-24S-JB-216_S17_R1_001.fastq.gz	230428_A00639_1592_AHKGGHDMXY-NovaRS129-FC01-AD-JB-RS24/FastQ/AD-24S-JB-216_S17_R2_001.fastq.gz	NA	C	pombe	/Users/jbard/Dropbox (Drummond Lab)/code_JB/repos/RNA_Condensation_2024/data_raw/kallisto_quant/tsv/JB216~abundance.tsv
snake_230428	JB217	3.1486772951639885	0.4435181616443089	0.14085856379296238	L123	Free	15min	30C	BR1	BY4741	PolySeq_7.5%EtOH	tg_18	EtOH_7.5%	TRUE	PolySeq	230428	JB-217	230428_A00639_1592_AHKGGHDMXY-NovaRS129-FC01-AD-JB-RS24	FALSE	Scerevisiae_Spombe/saccharomyces_cerevisiae_R64-3-1_20210421_Schizosaccharomyces_pombe_all_chromosomes_relabelled_geneid.gff3	Scerevisiae_Spombe/STAR_saccharomyces_cerevisiae_R64-3-1_20210421_Schizosaccharomyces_pombe_all_chromosomes_relabelled	Scerevisiae_Spombe/Scerevisiae_orf_coding_all_Scerevisiae_rna_coding_Spombe_cds.fasta.idx	sbatch_star_kallisto_paired.template	Snakefile_map_STAR_kallisto.smk	--fr-stranded	AD-24S-JB-217_S18_R1_001.fastq.gz	AD-24S-JB-217_S18_R2_001.fastq.gz	NA	230428_A00639_1592_AHKGGHDMXY-NovaRS129-FC01-AD-JB-RS24/FastQ/AD-24S-JB-217_S18_R1_001.fastq.gz	230428_A00639_1592_AHKGGHDMXY-NovaRS129-FC01-AD-JB-RS24/FastQ/AD-24S-JB-217_S18_R2_001.fastq.gz	NA	C	pombe	/Users/jbard/Dropbox (Drummond Lab)/code_JB/repos/RNA_Condensation_2024/data_raw/kallisto_quant/tsv/JB217~abundance.tsv
snake_230428	JB218	4.110477470072583	0.5519163734910921	0.13427062367072076	L124	Free	15min	30C	BR2	BY4741	PolySeq_7.5%EtOH	tg_18	mock	FALSE	PolySeq	230428	JB-218	230428_A00639_1592_AHKGGHDMXY-NovaRS129-FC01-AD-JB-RS24	FALSE	Scerevisiae_Spombe/saccharomyces_cerevisiae_R64-3-1_20210421_Schizosaccharomyces_pombe_all_chromosomes_relabelled_geneid.gff3	Scerevisiae_Spombe/STAR_saccharomyces_cerevisiae_R64-3-1_20210421_Schizosaccharomyces_pombe_all_chromosomes_relabelled	Scerevisiae_Spombe/Scerevisiae_orf_coding_all_Scerevisiae_rna_coding_Spombe_cds.fasta.idx	sbatch_star_kallisto_paired.template	Snakefile_map_STAR_kallisto.smk	--fr-stranded	AD-24S-JB-218_S19_R1_001.fastq.gz	AD-24S-JB-218_S19_R2_001.fastq.gz	NA	230428_A00639_1592_AHKGGHDMXY-NovaRS129-FC01-AD-JB-RS24/FastQ/AD-24S-JB-218_S19_R1_001.fastq.gz	230428_A00639_1592_AHKGGHDMXY-NovaRS129-FC01-AD-JB-RS24/FastQ/AD-24S-JB-218_S19_R2_001.fastq.gz	NA	C	pombe	/Users/jbard/Dropbox (Drummond Lab)/code_JB/repos/RNA_Condensation_2024/data_raw/kallisto_quant/tsv/JB218~abundance.tsv
snake_230428	JB219	2.6737561270395487	0.42755722604745094	0.15990883451321092	L125	Free	15min	30C	BR2	BY4741	PolySeq_7.5%EtOH	tg_18	EtOH_7.5%	TRUE	PolySeq	230428	JB-219	230428_A00639_1592_AHKGGHDMXY-NovaRS129-FC01-AD-JB-RS24	FALSE	Scerevisiae_Spombe/saccharomyces_cerevisiae_R64-3-1_20210421_Schizosaccharomyces_pombe_all_chromosomes_relabelled_geneid.gff3	Scerevisiae_Spombe/STAR_saccharomyces_cerevisiae_R64-3-1_20210421_Schizosaccharomyces_pombe_all_chromosomes_relabelled	Scerevisiae_Spombe/Scerevisiae_orf_coding_all_Scerevisiae_rna_coding_Spombe_cds.fasta.idx	sbatch_star_kallisto_paired.template	Snakefile_map_STAR_kallisto.smk	--fr-stranded	AD-24S-JB-219_S20_R1_001.fastq.gz	AD-24S-JB-219_S20_R2_001.fastq.gz	NA	230428_A00639_1592_AHKGGHDMXY-NovaRS129-FC01-AD-JB-RS24/FastQ/AD-24S-JB-219_S20_R1_001.fastq.gz	230428_A00639_1592_AHKGGHDMXY-NovaRS129-FC01-AD-JB-RS24/FastQ/AD-24S-JB-219_S20_R2_001.fastq.gz	NA	C	pombe	/Users/jbard/Dropbox (Drummond Lab)/code_JB/repos/RNA_Condensation_2024/data_raw/kallisto_quant/tsv/JB219~abundance.tsv
snake_230428	JB220	0.39743360621685186	0.08049616524460056	0.20253990600049912	L122	Poly	15min	30C	BR1	BY4741	PolySeq_7.5%EtOH	tg_18	mock	FALSE	PolySeq	230428	JB-220	230428_A00639_1592_AHKGGHDMXY-NovaRS129-FC01-AD-JB-RS24	FALSE	Scerevisiae_Spombe/saccharomyces_cerevisiae_R64-3-1_20210421_Schizosaccharomyces_pombe_all_chromosomes_relabelled_geneid.gff3	Scerevisiae_Spombe/STAR_saccharomyces_cerevisiae_R64-3-1_20210421_Schizosaccharomyces_pombe_all_chromosomes_relabelled	Scerevisiae_Spombe/Scerevisiae_orf_coding_all_Scerevisiae_rna_coding_Spombe_cds.fasta.idx	sbatch_star_kallisto_paired.template	Snakefile_map_STAR_kallisto.smk	--fr-stranded	AD-24S-JB-220_S21_R1_001.fastq.gz	AD-24S-JB-220_S21_R2_001.fastq.gz	NA	230428_A00639_1592_AHKGGHDMXY-NovaRS129-FC01-AD-JB-RS24/FastQ/AD-24S-JB-220_S21_R1_001.fastq.gz	230428_A00639_1592_AHKGGHDMXY-NovaRS129-FC01-AD-JB-RS24/FastQ/AD-24S-JB-220_S21_R2_001.fastq.gz	NA	C	pombe	/Users/jbard/Dropbox (Drummond Lab)/code_JB/repos/RNA_Condensation_2024/data_raw/kallisto_quant/tsv/JB220~abundance.tsv
snake_230428	JB221	0.7248861841970347	0.05493961942552461	0.07579068359039275	L123	Poly	15min	30C	BR1	BY4741	PolySeq_7.5%EtOH	tg_18	EtOH_7.5%	TRUE	PolySeq	230428	JB-221	230428_A00639_1592_AHKGGHDMXY-NovaRS129-FC01-AD-JB-RS24	FALSE	Scerevisiae_Spombe/saccharomyces_cerevisiae_R64-3-1_20210421_Schizosaccharomyces_pombe_all_chromosomes_relabelled_geneid.gff3	Scerevisiae_Spombe/STAR_saccharomyces_cerevisiae_R64-3-1_20210421_Schizosaccharomyces_pombe_all_chromosomes_relabelled	Scerevisiae_Spombe/Scerevisiae_orf_coding_all_Scerevisiae_rna_coding_Spombe_cds.fasta.idx	sbatch_star_kallisto_paired.template	Snakefile_map_STAR_kallisto.smk	--fr-stranded	AD-24S-JB-221_S22_R1_001.fastq.gz	AD-24S-JB-221_S22_R2_001.fastq.gz	NA	230428_A00639_1592_AHKGGHDMXY-NovaRS129-FC01-AD-JB-RS24/FastQ/AD-24S-JB-221_S22_R1_001.fastq.gz	230428_A00639_1592_AHKGGHDMXY-NovaRS129-FC01-AD-JB-RS24/FastQ/AD-24S-JB-221_S22_R2_001.fastq.gz	NA	C	pombe	/Users/jbard/Dropbox (Drummond Lab)/code_JB/repos/RNA_Condensation_2024/data_raw/kallisto_quant/tsv/JB221~abundance.tsv
snake_230428	JB222	0.36289948936338	0.08233531907663913	0.2268818818705881	L124	Poly	15min	30C	BR2	BY4741	PolySeq_7.5%EtOH	tg_18	mock	FALSE	PolySeq	230428	JB-222	230428_A00639_1592_AHKGGHDMXY-NovaRS129-FC01-AD-JB-RS24	FALSE	Scerevisiae_Spombe/saccharomyces_cerevisiae_R64-3-1_20210421_Schizosaccharomyces_pombe_all_chromosomes_relabelled_geneid.gff3	Scerevisiae_Spombe/STAR_saccharomyces_cerevisiae_R64-3-1_20210421_Schizosaccharomyces_pombe_all_chromosomes_relabelled	Scerevisiae_Spombe/Scerevisiae_orf_coding_all_Scerevisiae_rna_coding_Spombe_cds.fasta.idx	sbatch_star_kallisto_paired.template	Snakefile_map_STAR_kallisto.smk	--fr-stranded	AD-24S-JB-222_S23_R1_001.fastq.gz	AD-24S-JB-222_S23_R2_001.fastq.gz	NA	230428_A00639_1592_AHKGGHDMXY-NovaRS129-FC01-AD-JB-RS24/FastQ/AD-24S-JB-222_S23_R1_001.fastq.gz	230428_A00639_1592_AHKGGHDMXY-NovaRS129-FC01-AD-JB-RS24/FastQ/AD-24S-JB-222_S23_R2_001.fastq.gz	NA	C	pombe	/Users/jbard/Dropbox (Drummond Lab)/code_JB/repos/RNA_Condensation_2024/data_raw/kallisto_quant/tsv/JB222~abundance.tsv
snake_230428	JB223	0.5350640786013026	0.07433552525947765	0.1389282671596947	L125	Poly	15min	30C	BR2	BY4741	PolySeq_7.5%EtOH	tg_18	EtOH_7.5%	TRUE	PolySeq	230428	JB-223	230428_A00639_1592_AHKGGHDMXY-NovaRS129-FC01-AD-JB-RS24	FALSE	Scerevisiae_Spombe/saccharomyces_cerevisiae_R64-3-1_20210421_Schizosaccharomyces_pombe_all_chromosomes_relabelled_geneid.gff3	Scerevisiae_Spombe/STAR_saccharomyces_cerevisiae_R64-3-1_20210421_Schizosaccharomyces_pombe_all_chromosomes_relabelled	Scerevisiae_Spombe/Scerevisiae_orf_coding_all_Scerevisiae_rna_coding_Spombe_cds.fasta.idx	sbatch_star_kallisto_paired.template	Snakefile_map_STAR_kallisto.smk	--fr-stranded	AD-24S-JB-223_S24_R1_001.fastq.gz	AD-24S-JB-223_S24_R2_001.fastq.gz	NA	230428_A00639_1592_AHKGGHDMXY-NovaRS129-FC01-AD-JB-RS24/FastQ/AD-24S-JB-223_S24_R1_001.fastq.gz	230428_A00639_1592_AHKGGHDMXY-NovaRS129-FC01-AD-JB-RS24/FastQ/AD-24S-JB-223_S24_R2_001.fastq.gz	NA	C	pombe	/Users/jbard/Dropbox (Drummond Lab)/code_JB/repos/RNA_Condensation_2024/data_raw/kallisto_quant/tsv/JB223~abundance.tsv
